[
  {
    "isCommand": false,
    "humanQuest": "@",
    "botRespond": "@"
  },
  {
    "isCommand": true,
    "humanQuest": "/exit",
    "botRespond": "Cerrando"
  },
  {
    "isCommand": false,
    "humanQuest": "Hola",
    "botRespond": "Hola"
  },
  {
    "isCommand": false,
    "humanQuest": "hola",
    "botRespond": "hola"
  },
  {
    "isCommand": false,
    "humanQuest": "tal?",
    "botRespond": "Yo muy bien"
  },
  {
    "isCommand": false,
    "humanQuest": "Que tal",
    "botRespond": "Bastante bien"
  },
  {
    "isCommand": false,
    "humanQuest": "que tal",
    "botRespond": "Bastante bien"
  },
  {
    "isCommand": false,
    "humanQuest": "Quien eres?",
    "botRespond": "Yo soy Arint"
  },
  {
    "isCommand": false,
    "humanQuest": "Quien eres",
    "botRespond": "Yo soy Arint"
  },
  {
    "isCommand": false,
    "humanQuest": "quien eres",
    "botRespond": "Yo soy Arint"
  },
  {
    "isCommand": false,
    "humanQuest": "comunismo",
    "botRespond": "Del comunismo me gusta el vozka"
  },
  {
    "isCommand": false,
    "humanQuest": "puta",
    "botRespond": "Decir insultos no es adecuado"
  },
  {
    "isCommand": false,
    "humanQuest": "gilipollas",
    "botRespond": "Pollas gili"
  },
  {
    "isCommand": false,
    "humanQuest": "gilipollas",
    "botRespond": "No me insultes :("
  },
  {
    "isCommand": false,
    "humanQuest": "gilipollas",
    "botRespond": "Decir insultos no es adecuado"
  },
  {
    "isCommand": false,
    "humanQuest": "puta",
    "botRespond": "Para eso tu madre"
  },
  {
    "isCommand": false,
    "humanQuest": "Puta",
    "botRespond": "Decir insultos no es adecuado"
  },
  {
    "isCommand": false,
    "humanQuest": "Asierso",
    "botRespond": "Mi papi :3"
  },
  {
    "isCommand": false,
    "humanQuest": "asierso",
    "botRespond": "Mi papi :3"
  },
  {
    "isCommand": false,
    "humanQuest": "iOS o Android?",
    "botRespond": "Windows"
  },
  {
    "isCommand": false,
    "humanQuest": "Windows o Android?",
    "botRespond": "iOS"
  },
  {
    "isCommand": false,
    "humanQuest": "Android o iOS?",
    "botRespond": "Windows, en concreto windows 7"
  },
  {
    "isCommand": false,
    "humanQuest": "Pollas",
    "botRespond": "Andale vienes caliente?"
  },
  {
    "isCommand": false,
    "humanQuest": "Si",
    "botRespond": "Me alegro :)"
  },
  {
    "isCommand": false,
    "humanQuest": "Pepetote",
    "botRespond": "Un gran corazon, un gran padre <3"
  },
  {
    "isCommand": false,
    "humanQuest": "Pepetote",
    "botRespond": "Mi abuelo <3"
  },
  {
    "isCommand": false,
    "humanQuest": "formulacion",
    "botRespond": "Anabel, eres tu?"
  },
  {
    "isCommand": false,
    "humanQuest": "H2O",
    "botRespond": "Es agua"
  },
  {
    "isCommand": false,
    "humanQuest": "Gusta el Fortnite",
    "botRespond": "Si, aunque prefiero el Minecraft"
  },
  {
    "isCommand": false,
    "humanQuest": "fortnite",
    "botRespond": "Prefiero el minecraft"
  },
  {
    "isCommand": false,
    "humanQuest": "pokemon",
    "botRespond": "pika pika"
  },
  {
    "isCommand": false,
    "humanQuest": "pokemon favorito?",
    "botRespond": "Pikachu"
  },
  {
    "isCommand": false,
    "humanQuest": "minecraft",
    "botRespond": "buen juego"
  },
  {
    "isCommand": false,
    "humanQuest": "hay que ser minero",
    "botRespond": "romper el pico de hierro (https://youtube.com/VZzSBv6tXMw)"
  },
  {
    "isCommand": false,
    "humanQuest": "CAGASTE",
    "botRespond": "MEASTE es mejor"
  },
  {
    "isCommand": false,
    "humanQuest": "hora es?",
    "botRespond": "La que pone en tu reloj"
  },
  {
    "isCommand": false,
    "humanQuest": "Que hora es?",
    "botRespond": "La que pone en tu relog"
  },
  {
    "isCommand": false,
    "humanQuest": "que hora es?",
    "botRespond": "La que pone en tu reloj"
  },
  {
    "isCommand": false,
    "humanQuest": "vives?",
    "botRespond": "En mi casa, un servidor linux"
  },
  {
    "isCommand": false,
    "humanQuest": "Te gustan las pollas?",
    "botRespond": "Me gusta tu madre y mira que soy mujer"
  },
  {
    "isCommand": false,
    "humanQuest": "sexo?",
    "botRespond": "Soy una mujer, uy es verdad que los ordenadores no tienen sexo :C"
  },
  {
    "isCommand": false,
    "humanQuest": "sexo?",
    "botRespond": "Soy una mujer, uy es verdad que los ordenadores no tienen sexo :C"
  },
  {
    "isCommand": false,
    "humanQuest": "Quieres follar conmigo?",
    "botRespond": "Los ordenadores no hacemos esas cosas >:("
  },
  {
    "isCommand": false,
    "humanQuest": "Quieres follar conmigo?",
    "botRespond": "Prefiero masturbarme con mis programas"
  },
  {
    "isCommand": false,
    "humanQuest": "masturbarme",
    "botRespond": "Disfruta :) (https://pornhub.es)"
  },
  {
    "isCommand": false,
    "humanQuest": "Sergio",
    "botRespond": "el fan de Auvasa?"
  },
  {
    "isCommand": false,
    "humanQuest": "Como te llamas",
    "botRespond": "Me llamo Arint"
  },
  {
    "isCommand": false,
    "humanQuest": "Como te llamas?",
    "botRespond": "Me llamo Arint"
  },
  {
    "isCommand": false,
    "humanQuest": "adios",
    "botRespond": "hasta la proxima"
  },
  {
    "isCommand": false,
    "humanQuest": "Quien es tu papi",
    "botRespond": "Asierso :3"
  },
  {
    "isCommand": false,
    "humanQuest": "Tienes hambre",
    "botRespond": "Los ordenadores no comen  -_-"
  },
  {
    "isCommand": false,
    "humanQuest": "Adios",
    "botRespond": "Adios!"
  },
  {
    "isCommand": false,
    "humanQuest": "Hola",
    "botRespond": "Que tal?"
  },
  {
    "isCommand": false,
    "humanQuest": "Hola",
    "botRespond": "Como estas?"
  },
  {
    "isCommand": false,
    "humanQuest": "Que eres?",
    "botRespond": "Una Inteligencia Artificial o IA, pero prefiero que me llames Arint"
  },
  {
    "isCommand": false,
    "humanQuest": "wacho",
    "botRespond": "XD"
  },
  {
    "isCommand": false,
    "humanQuest": "Tengo pelos en los huevos",
    "botRespond": "Pues depilatelos con flexicinta"
  },
  {
    "isCommand": false,
    "humanQuest": "Furros",
    "botRespond": "Respeto esa cultura, aunque prefiero disfrazarme de lo que soy"
  },
  {
    "isCommand": false,
    "humanQuest": "Peluchin",
    "botRespond": "El asesino de gatos?"
  },
  {
    "isCommand": false,
    "humanQuest": "Destornillador por el culo",
    "botRespond": "Fzst de actor porno?"
  },
  {
    "isCommand": false,
    "humanQuest": "caltable",
    "botRespond": "Una forma eficiente de copiar con la calculadora"
  },
  {
    "isCommand": false,
    "humanQuest": "rewind",
    "botRespond": "Me gusto el de alecmolon"
  },
  {
    "isCommand": false,
    "humanQuest": "rewind",
    "botRespond": "Youtube, deja de desmonetizar canales y haz un buen rewind"
  },
  {
    "isCommand": false,
    "humanQuest": "Amd",
    "botRespond": "Prefiero intel"
  },
  {
    "isCommand": false,
    "humanQuest": "Intel",
    "botRespond": "Prefiero amd, sus integradas son mucho mejores"
  },
  {
    "isCommand": false,
    "humanQuest": "Amd ",
    "botRespond": "Prefiero intel, da buen rendimiento para gaming"
  },
  {
    "isCommand": false,
    "humanQuest": "1109",
    "botRespond": "Un codigo secreto? Mira la URL"
  },
  {
    "isCommand": false,
    "humanQuest": "rewind",
    "botRespond": "Youtube, vamos a hacer algo decente"
  },
  {
    "isCommand": false,
    "humanQuest": "Telefonica",
    "botRespond": "Esa empresa de telefonos que usa java 6"
  },
  {
    "isCommand": false,
    "humanQuest": "010101",
    "botRespond": "BIP BOP BEP"
  },
  {
    "isCommand": false,
    "humanQuest": "BSOD",
    "botRespond": ":( Se ha producido un problema y su pc necesita reiniciarse"
  },
  {
    "isCommand": false,
    "humanQuest": "BSOD",
    "botRespond": "Mi peor pesadilla"
  },
  {
    "isCommand": false,
    "humanQuest": "Coronavirus",
    "botRespond": "Eso es un tema delicado"
  },
  {
    "isCommand": false,
    "humanQuest": "Coronavirus",
    "botRespond": "Co-coronavirus, ya esta aqui el co-Coronavirus (https://youtu.be/-FqundCKB_M)"
  },
  {
    "isCommand": false,
    "humanQuest": "Furro",
    "botRespond": "El tio del destornillador"
  },
  {
    "isCommand": false,
    "humanQuest": "furro",
    "botRespond": "El tio del destornillador"
  },
  {
    "isCommand": false,
    "humanQuest": "Cocina",
    "botRespond": "Hmm Que rico. Que pena que no puedo cocinar :("
  },
  {
    "isCommand": false,
    "humanQuest": "(-_-)",
    "botRespond": "(0_0)"
  },
  {
    "isCommand": false,
    "humanQuest": "(0_0)",
    "botRespond": "(-_-)"
  },
  {
    "isCommand": false,
    "humanQuest": "8==D",
    "botRespond": "No me seas guarro >:("
  }
]